{"cameraMode":{"drawMode":0,"name":"Shaded","section":"Shading Mode"},"sceneLighting":false,"audioPlay":false,"sceneViewState":{"m_AlwaysRefresh":false,"showFog":true,"showSkybox":true,"showFlares":true,"showImageEffects":true,"showParticleSystems":true,"showVisualEffectGraphs":true,"m_FxEnabled":true},"in2DMode":false,"pivot":{"x":-15.43305778503418,"y":1.0459591150283814,"z":-1.8938772678375245},"rotation":{"x":-0.004433008376508951,"y":0.8869543075561523,"z":-0.008515015244483948,"w":-0.4617582857608795},"size":3.5601918697357179,"orthographic":false}