{"cameraMode":{"drawMode":0,"name":"Shaded","section":"Shading Mode"},"sceneLighting":false,"audioPlay":false,"sceneViewState":{"m_AlwaysRefresh":false,"showFog":true,"showSkybox":true,"showFlares":true,"showImageEffects":true,"showParticleSystems":true,"showVisualEffectGraphs":true,"m_FxEnabled":true},"in2DMode":false,"pivot":{"x":-10.269318580627442,"y":0.7667449116706848,"z":7.209417819976807},"rotation":{"x":0.12152311950922013,"y":-0.3807276785373688,"z":0.050549935549497607,"w":0.9152743816375732},"size":0.5487862229347229,"orthographic":false}